{
  "name": "bgswitcher",
  "version": "0.4.3",
  "title": "jQuery.BgSwitcher",
  "author": {
    "name": "rewish",
    "email": "rewish.org@gmail.com",
    "url": "https://github.com/rewish"
  },
  "licenses": [
    {
      "type": "MIT",
      "url": "https://github.com/rewish/jquery-bgswitcher/blob/master/LICENSE.md"
    }
  ],
  "dependencies": {
    "jquery": ">=1.7"
  },
  "description": "Switch the background image with using effect.",
  "keywords": ["image", "gallery"],
  "docs": "https://github.com/rewish/jquery-bgswitcher#readme",
  "demo": "http://rewish.github.io/jquery-bgswitcher/",
  "bugs": "https://github.com/rewish/jquery-bgswitcher/issues"
}
